{
  "personName": "Ali",
  "personSurname": "Kocak",
  "username": "ali",
  "password": "alikocak",
  "semester": 6,
  "status": "",
  "waitingCourses": [],
  "approvedCourses": [],
  "rejectedCourses": [],
  "transcript": [
    {
      "shortName": "ATA121",
      "grade": "BA"
    },
    {
      "shortName": "MBG1201",
      "grade": "BB"
    },
    {
      "shortName": "CSE1200",
      "grade": "CB"
    },
    {
      "shortName": "CSE1241",
      "grade": "DC"
    },
    {
      "shortName": "MATH1001",
      "grade": "DD"
    },
    {
      "shortName": "PHYS1001",
      "grade": "BA"
    },
    {
      "shortName": "PHYS1003",
      "grade": "BB"
    },
    {
      "shortName": "TRD121",
      "grade": "CB"
    },
    {
      "shortName": "ATA122",
      "grade": "DC"
    },
    {
      "shortName": "CSE1242",
      "grade": "DD"
    },
    {
      "shortName": "MATH1002",
      "grade": "BA"
    },
    {
      "shortName": "MATH2256",
      "grade": "BB"
    },
    {
      "shortName": "PHYS1002",
      "grade": "CB"
    },
    {
      "shortName": "PHYS1004",
      "grade": "DC"
    },
    {
      "shortName": "TRD122",
      "grade": "DD"
    },
    {
      "shortName": "CSE2023",
      "grade": "BA"
    },
    {
      "shortName": "CSE2225",
      "grade": "BB"
    },
    {
      "shortName": "ECON2004",
      "grade": "CB"
    },
    {
      "shortName": "EE2031",
      "grade": "DC"
    },
    {
      "shortName": "MATH2055",
      "grade": "DD"
    },
    {
      "shortName": "MATH2059",
      "grade": "BA"
    },
    {
      "shortName": "CSE2138",
      "grade": "BB"
    },
    {
      "shortName": "CSE2246",
      "grade": "CB"
    },
    {
      "shortName": "CSE2260",
      "grade": "DC"
    },
    {
      "shortName": "EE2032",
      "grade": "DD"
    },
    {
      "shortName": "STAT2253",
      "grade": "BA"
    },
    {
      "shortName": "CSE3033",
      "grade": "BB"
    },
    {
      "shortName": "CSE3055",
      "grade": "CB"
    },
    {
      "shortName": "CSE3063",
      "grade": "DC"
    },
    {
      "shortName": "CSE3215",
      "grade": "DD"
    },
    {
      "shortName": "IE3081",
      "grade": "BA"
    }
  ]
}