{
  "personName": "Zeynep",
  "personSurname": "Celik",
  "username": "zeynep",
  "password": "zeynepcelik",
  "semester": 2,
  "status": "",
  "waitingCourses": [],
  "approvedCourses": [],
  "rejectedCourses": [],
  "transcript": [
    {
      "shortName": "ATA121",
      "grade": "BA"
    },
    {
      "shortName": "MBG1201",
      "grade": "BB"
    },
    {
      "shortName": "CSE1200",
      "grade": "CB"
    },
    {
      "shortName": "CSE1241",
      "grade": "DC"
    },
    {
      "shortName": "MATH1001",
      "grade": "FF"
    },
    {
      "shortName": "PHYS1001",
      "grade": "BA"
    },
    {
      "shortName": "PHYS1003",
      "grade": "BB"
    },
    {
      "shortName": "TRD121",
      "grade": "CB"
    }
  ]
}