{"name":"Ege","surname":"Özgen","username":"ege","password":"egeozgen","address":"Kartal/Istanbul","phoneNumber":"1234567890","studentYear":3,"entranceYear":2021,"transcript":[{"shortName":"ATA121","fullName":"Atatürk İlkeleri ve İnkılap Tarihi I","description":"","grade":"AA"},{"shortName":"CSE1200","fullName":"Introduction to Computer Engineering","description":"","grade":"BB"},{"shortName":"CSE1241","fullName":"Computer Programming I","description":"","grade":"BA"},{"shortName":"MATH1001","fullName":"Calculus I","description":"","grade":"DC"},{"shortName":"MBG1201","fullName":"Introduction to Modern Biology","description":"","grade":"CC"},{"shortName":"PHYS1101","fullName":"Physics I","description":"","grade":"DC"},{"shortName":"PHYS1103","fullName":"Physics Lab I","description":"","grade":"AA"},{"shortName":"TRD121","fullName":"Türk Dili I","description":"","grade":"BA"},{"shortName":"ATA122","fullName":"Atatürk İlkeleri ve İnkılap Tarihi II","description":"","grade":"AA"},{"shortName":"CSE1242","fullName":"Computer Programming II","description":"","grade":"CC"},{"shortName":"MATH1002","fullName":"Calculus II","description":"","grade":"CC"},{"shortName":"MATH2256","fullName":"Linear Algebra for Computer Engineering","description":"","grade":"CC"},{"shortName":"PHYS1102","fullName":"Physics II","description":"","grade":"BC"},{"shortName":"PHYS1104","fullName":"Physics Lab II","description":"","grade":"AA"},{"shortName":"TRD122","fullName":"Türk Dili II","description":"","grade":"AA"}],"isApproved":"false","courses":[]}