{
    "name": "Burak",
    "surname": "Karayağlı",
    "username": "burak",
    "password": "burakkarayagli",
    "address": "Cevizli/Istanbul",
    "phoneNumber": "1234567889",
    "studentYear": 3,
    "entranceYear": 2021,
    "transcript": [
        {
            "shortName": "ATA121",
            "fullName": "Atatürk İlkeleri ve İnkılap Tarihi I",
            "description": "",
            "grade": "BA"
        },
        {
            "shortName": "CSE1200",
            "fullName": "Introduction to Computer Engineering",
            "description": "",
            "grade": "BC"
        },
        {
            "shortName": "CSE1241",
            "fullName": "Computer Programming I",
            "description": "",
            "grade": "AA"
        },
        {
            "shortName": "MATH1001",
            "fullName": "Calculus I",
            "description": "",
            "grade": "CC"
        },
        {
            "shortName": "MBG1201",
            "fullName": "Introduction to Modern Biology",
            "description": "",
            "grade": "BC"
        },
        {
            "shortName": "PHYS1101",
            "fullName": "Physics I",
            "description": "",
            "grade": "DC"
        },
        {
            "shortName": "PHYS1103",
            "fullName": "Physics Lab I",
            "description": "",
            "grade": "AA"
        },
        {
            "shortName": "TRD121",
            "fullName": "Türk Dili I",
            "description": "",
            "grade": "AA"
        },
        {
            "shortName": "ATA122",
            "fullName": "Atatürk İlkeleri ve İnkılap Tarihi II",
            "description": "",
            "grade": "BA"
        },
        {
            "shortName": "CSE1242",
            "fullName": "Computer Programming II",
            "description": "",
            "grade": "DC"
        },
        {
            "shortName": "MATH1002",
            "fullName": "Calculus II",
            "description": "",
            "grade": "BC"
        },
        {
            "shortName": "MATH2256",
            "fullName": "Linear Algebra for Computer Engineering",
            "description": "",
            "grade": "CC"
        },
        {
            "shortName": "PHYS1102",
            "fullName": "Physics II",
            "description": "",
            "grade": "BC"
        },
        {
            "shortName": "PHYS1104",
            "fullName": "Physics Lab II",
            "description": "",
            "grade": "AA"
        },
        {
            "shortName": "TRD122",
            "fullName": "Türk Dili II",
            "description": "",
            "grade": "AA"
        },
        {
            "shortName": "CSE2023",
            "fullName": "Discrete Computational Structures",
            "description": "",
            "prerequisite": "",
            "grade": "AA"
        },
        {
            "shortName": "CSE2225",
            "fullName": "Data Structures",
            "description": "",
            "prerequisite": "",
            "grade": "AA"
        },
        {
            "shortName": "ECON2004",
            "fullName": "Engineering Economy",
            "description": "",
            "prerequisite": "",
            "grade": "AA"
        },
        {
            "shortName": "EE2031",
            "fullName": "Electric Circuits",
            "description": "",
            "prerequisite": "",
            "grade": "AA"
        },
        {
            "shortName": "MATH2055",
            "fullName": "Differential Equations",
            "description": "",
            "prerequisite": "",
            "grade": "AA"
        },
        {
            "shortName": "MATH2059",
            "fullName": "Numerical Methods",
            "description": "",
            "prerequisite": "",
            "grade": "AA"
        },
        {
            "shortName": "CSE2138",
            "fullName": "Systems Programming",
            "description": "",
            "prerequisite": "",
            "grade": "AA"
        },
        {
            "shortName": "CSE2246",
            "fullName": "Analysis of Algorithms",
            "description": "",
            "prerequisite": "",
            "grade": "AA"
        },
        {
            "shortName": "CSE2260",
            "fullName": "Principles of Programming Languages",
            "description": "",
            "prerequisite": "",
            "grade": "AA"
        },
        {
            "shortName": "EE2032",
            "fullName": "Electronics",
            "description": "",
            "prerequisite": "",
            "grade": "AA"
        }
    ],
    "isApproved": "true",
    "courses": []
}