{
    "name": "Okan",
    "surname": "Ünal",
    "username": "okan",
    "password": "okanunal",
    "address": "Bostancı/Istanbul",
    "phoneNumber": "1234566789",
    "studentYear": 3,
    "entranceYear": 2019,
    "transcript": [
        {
            "shortName": "ATA121",
            "fullName": "Atatürk İlkeleri ve İnkılap Tarihi I",
            "description": "",
            "grade": "BA"
        },
        {
            "shortName": "CSE1200",
            "fullName": "Introduction to Computer Engineering",
            "description": "",
            "grade": "AA"
        },
        {
            "shortName": "CSE1241",
            "fullName": "Computer Programming I",
            "description": "",
            "grade": "BC"
        },
        {
            "shortName": "MATH1001",
            "fullName": "Calculus I",
            "description": "",
            "grade": "DD"
        },
        {
            "shortName": "MBG1201",
            "fullName": "Introduction to Modern Biology",
            "description": "",
            "grade": "DC"
        },
        {
            "shortName": "PHYS1101",
            "fullName": "Physics I",
            "description": "",
            "grade": "CC"
        },
        {
            "shortName": "PHYS1103",
            "fullName": "Physics Lab I",
            "description": "",
            "grade": "BB"
        },
        {
            "shortName": "TRD121",
            "fullName": "Türk Dili I",
            "description": "",
            "grade": "AA"
        },
        {
            "shortName": "ATA122",
            "fullName": "Atatürk İlkeleri ve İnkılap Tarihi II",
            "description": "",
            "grade": "BC"
        },
        {
            "shortName": "CSE1242",
            "fullName": "Computer Programming II",
            "description": "",
            "grade": "DD"
        },
        {
            "shortName": "MATH1002",
            "fullName": "Calculus II",
            "description": "",
            "grade": "DC"
        },
        {
            "shortName": "MATH2256",
            "fullName": "Linear Algebra for Computer Engineering",
            "description": "",
            "grade": "BB"
        },
        {
            "shortName": "PHYS1102",
            "fullName": "Physics II",
            "description": "",
            "grade": "BB"
        },
        {
            "shortName": "PHYS1104",
            "fullName": "Physics Lab II",
            "description": "",
            "grade": "AA"
        },
        {
            "shortName": "TRD122",
            "fullName": "Türk Dili II",
            "description": "",
            "grade": "BA"
        }
    ],
    "isApproved": "false",
    "courses": []
}