{
    "courses": [
        {
            "shortName": "ATA121",
            "fullName": "Atatürk İlkeleri ve İnkılap Tarihi I",
            "description": "",
            "prerequisite": ""
        },
        {
            "shortName": "CSE1200",
            "fullName": "Introduction to Computer Engineering",
            "description": "",
            "prerequisite": ""
        },
        {
            "shortName": "CSE1241",
            "fullName": "Computer Programming I",
            "description": "",
            "prerequisite": ""
        },
        {
            "shortName": "MATH1001",
            "fullName": "Calculus I",
            "description": "",
            "prerequisite": ""
        },
        {
            "shortName": "MBG1201",
            "fullName": "Introduction to Modern Biology",
            "description": "",
            "prerequisite": ""
        },
        {
            "shortName": "PHYS1101",
            "fullName": "Physics I",
            "description": "",
            "prerequisite": ""
        },
        {
            "shortName": "PHYS1103",
            "fullName": "Physics Lab I",
            "description": "",
            "prerequisite": ""
        },
        {
            "shortName": "TRD121",
            "fullName": "Türk Dili I",
            "description": "",
            "prerequisite": ""
        },
        {
            "shortName": "ATA122",
            "fullName": "Atatürk İlkeleri ve İnkılap Tarihi II",
            "description": "",
            "prerequisite": ""
        },
        {
            "shortName": "CSE1242",
            "fullName": "Computer Programming II",
            "description": "",
            "prerequisite": ""
        },
        {
            "shortName": "MATH1002",
            "fullName": "Calculus II",
            "description": "",
            "prerequisite": ""
        },
        {
            "shortName": "MATH2256",
            "fullName": "Linear Algebra for Computer Engineering",
            "description": "",
            "prerequisite": ""
        },
        {
            "shortName": "PHYS1102",
            "fullName": "Physics II",
            "description": "",
            "prerequisite": ""
        },
        {
            "shortName": "PHYS1104",
            "fullName": "Physics Lab II",
            "description": "",
            "prerequisite": ""
        },
        {
            "shortName": "TRD122",
            "fullName": "Türk Dili II",
            "description": "",
            "prerequisite": ""
        },
        {
            "shortName": "CSE2023",
            "fullName": "Discrete Computational Structures",
            "description": "",
            "prerequisite": ""
        },
        {
            "shortName": "CSE2225",
            "fullName": "Data Structures",
            "description": "",
            "prerequisite": ""
        },
        {
            "shortName": "ECON2004",
            "fullName": "Engineering Economy",
            "description": "",
            "prerequisite": ""
        },
        {
            "shortName": "EE2031",
            "fullName": "Electric Circuits",
            "description": "",
            "prerequisite": ""
        },
        {
            "shortName": "MATH2055",
            "fullName": "Differential Equations",
            "description": "",
            "prerequisite": ""
        },
        {
            "shortName": "MATH2059",
            "fullName": "Numerical Methods",
            "description": "",
            "prerequisite": ""
        },
        {
            "shortName": "CSE2138",
            "fullName": "Systems Programming",
            "description": "",
            "prerequisite": ""
        },
        {
            "shortName": "CSE2246",
            "fullName": "Analysis of Algorithms",
            "description": "",
            "prerequisite": ""
        },
        {
            "shortName": "CSE2260",
            "fullName": "Principles of Programming Languages",
            "description": "",
            "prerequisite": ""
        },
        {
            "shortName": "EE2032",
            "fullName": "Electronics",
            "description": "",
            "prerequisite": ""
        },
        {
            "shortName": "STAT2253",
            "fullName": "Probability and Statistics for Computer Engineering",
            "description": "",
            "prerequisite": ""
        },
        {
            "shortName": "CSE3033",
            "fullName": "Operating Systems",
            "description": "",
            "prerequisite": ""
        },
        {
            "shortName": "CSE3055",
            "fullName": "Database Systems",
            "description": "",
            "prerequisite": ""
        },
        {
            "shortName": "CSE3063",
            "fullName": "Object-Oriented Software Design",
            "description": "",
            "prerequisite": ""
        },
        {
            "shortName": "CSE3215",
            "fullName": "Digital Logic Design",
            "description": "",
            "prerequisite": ""
        },
        {
            "shortName": "IE3081",
            "fullName": "Modeling and Discrete Simulation",
            "description": "",
            "prerequisite": "STAT2253"
        },
        {
            "shortName": "CSE4074",
            "fullName": "Computer Networks",
            "description": "",
            "prerequisite": ""
        },
        {
            "shortName": "CSE4219",
            "fullName": "Principles of Embedded Systems Design",
            "description": "",
            "prerequisite": ""
        }
    ],
    "lecturers": [
        {
            "courses": [
                {
                    "shortName": "CSE1241",
                    "fullName": "Computer Programming I",
                    "description": "",
                    "prerequisite": ""
                },
                {
                    "shortName": "CSE1242",
                    "fullName": "Computer Programming II",
                    "description": "",
                    "prerequisite": ""
                },
                {
                    "shortName": "CSE2023",
                    "fullName": "Discrete Computational Structures",
                    "description": "",
                    "prerequisite": ""
                }
            ],
            "reputation": "Doç.Dr.",
            "officeHours": [
                {
                    "startTime": "13:10",
                    "endTime": "14:30",
                    "dayOfWeek": "Wednesday, Friday"
                }
            ],
            "salary": 99999,
            "employmentStatus": "true",
            "personName": "MUSTAFA",
            "personSurname": "AĞAOĞLU",
            "username": "mustafa",
            "password": "mustafaagaoglu"
        },
        {
            "courses": [
                {
                    "shortName": "CSE2260",
                    "fullName": "Principles of Programming Languages",
                    "description": "",
                    "prerequisite": ""
                },
                {
                    "shortName": "EE2032",
                    "fullName": "Electronics",
                    "description": "",
                    "prerequisite": ""
                },
                {
                    "shortName": "STAT2253",
                    "fullName": "Probability and Statistics for Computer Engineering",
                    "description": "",
                    "prerequisite": ""
                }
            ],
            "reputation": "Doç.Dr.",
            "officeHours": [
                {
                    "startTime": "15:00",
                    "endTime": "16:20",
                    "dayOfWeek": "Tuesday"
                }
            ],
            "salary": 99999,
            "employmentStatus": "true",
            "personName": "MURAT CAN",
            "personSurname": "GANİZ",
            "username": "muratcan",
            "password": "muratcanganiz"
        },
        {
            "courses": [
                {
                    "shortName": "MATH2059",
                    "fullName": "Numerical Methods",
                    "description": "",
                    "prerequisite": ""
                },
                {
                    "shortName": "CSE2138",
                    "fullName": "Systems Programming",
                    "description": "",
                    "prerequisite": ""
                },
                {
                    "shortName": "CSE2246",
                    "fullName": "Analysis of Algorithms",
                    "description": "",
                    "prerequisite": ""
                }
            ],
            "reputation": "Doç.Dr.",
            "officeHours": [
                {
                    "startTime": "15:00",
                    "endTime": "16:20",
                    "dayOfWeek": "Tuesday"
                }
            ],
            "salary": 99999,
            "employmentStatus": "true",
            "personName": "Ali Fuat",
            "personSurname": "Alkaya",
            "username": "ali",
            "password": "alifuatkaya"
        }
    ],
    "sections": [
        {
            "dates": [
                {
                    "startTime": "8:30",
                    "endTime": "9:20",
                    "dayOfWeek": "Monday, Friday"
                },
                {
                    "startTime": "11:30",
                    "endTime": "12:20",
                    "dayOfWeek": "Tuesday"
                }
            ],
            "sectionName": "1.1",
            "quota": 100,
            "shortName": "CSE3033",
            "fullName": "Operating Systems",
            "description": "",
            "prerequisite": "",
            "lecturerUsername": "mustafa"
        },
        {
            "dates": [
                {
                    "startTime": "8:30",
                    "endTime": "9:20",
                    "dayOfWeek": "Monday, Friday"
                },
                {
                    "startTime": "11:30",
                    "endTime": "12:20",
                    "dayOfWeek": "Tuesday"
                }
            ],
            "sectionName": "1.1",
            "quota": 100,
            "shortName": "CSE4074",
            "fullName": "Computer Networks",
            "description": "",
            "prerequisite": "",
            "lecturerUsername": "mustafa"
        },
        {
            "dates": [
                {
                    "startTime": "8:30",
                    "endTime": "9:20",
                    "dayOfWeek": "Monday, Friday"
                },
                {
                    "startTime": "11:30",
                    "endTime": "12:20",
                    "dayOfWeek": "Tuesday"
                }
            ],
            "sectionName": "1.1",
            "quota": 100,
            "shortName": "CSE4219",
            "fullName": "Operating Systems",
            "description": "",
            "prerequisite": "",
            "lecturerUsername": "mustafa"
        },
        {
            "dates": [
                {
                    "startTime": "8:30",
                    "endTime": "9:20",
                    "dayOfWeek": "Monday, Friday"
                },
                {
                    "startTime": "11:30",
                    "endTime": "12:20",
                    "dayOfWeek": "T"
                }
            ],
            "sectionName": "1.1",
            "quota": 100,
            "shortName": "CSE3055",
            "fullName": "Database Systems",
            "description": "",
            "prerequisite": "",
            "lecturerUsername": "muratcan"
        },
        {
            "dates": [
                {
                    "startTime": "8:30",
                    "endTime": "9:20",
                    "dayOfWeek": "Monday, Friday"
                },
                {
                    "startTime": "11:30",
                    "endTime": "12:20",
                    "dayOfWeek": "Tuesday"
                }
            ],
            "sectionName": "1.1",
            "quota": 100,
            "shortName": "CSE3063",
            "fullName": "Object-Oriented Software Design",
            "description": "",
            "prerequisite": "",
            "lecturerUsername": "muratcan"
        },
        {
            "dates": [
                {
                    "startTime": "8:30",
                    "endTime": "9:20",
                    "dayOfWeek": "Monday, Friday"
                },
                {
                    "startTime": "11:30",
                    "endTime": "12:20",
                    "dayOfWeek": "Tuesday"
                }
            ],
            "sectionName": "1.1",
            "quota": 100,
            "shortName": "CSE3215",
            "fullName": "Digital Logic Design",
            "description": "",
            "prerequisite": "",
            "lecturerUsername": "muratcan"
        },
        {
            "dates": [
                {
                    "startTime": "8:30",
                    "endTime": "9:20",
                    "dayOfWeek": "Monday, Friday"
                },
                {
                    "startTime": "11:30",
                    "endTime": "12:20",
                    "dayOfWeek": "Tuesday"
                }
            ],
            "sectionName": "1.1",
            "quota": 100,
            "shortName": "IE3081",
            "fullName": "Modeling and Discrete Simulation",
            "description": "",
            "prerequisite": "STAT2253",
            "lecturerUsername": "muratcan"
        }
    ],
    "advisors": [
        {
            "students": [
                {
                    "address": "Bostancı/Istanbul",
                    "phoneNumber": "1234566789",
                    "studentYear": 3,
                    "entranceYear": 2019,
                    "isApproved": false,
                    "courses": [],
                    "transcript": {
                        "listGrades": [
                            {
                                "course": {
                                    "shortName": "ATA121",
                                    "fullName": "Atatürk İlkeleri ve İnkılap Tarihi I",
                                    "description": "",
                                    "prerequisite": ""
                                },
                                "grade": "BA"
                            },
                            {
                                "course": {
                                    "shortName": "CSE1200",
                                    "fullName": "Introduction to Computer Engineering",
                                    "description": "",
                                    "prerequisite": ""
                                },
                                "grade": "AA"
                            },
                            {
                                "course": {
                                    "shortName": "CSE1241",
                                    "fullName": "Computer Programming I",
                                    "description": "",
                                    "prerequisite": ""
                                },
                                "grade": "BC"
                            },
                            {
                                "course": {
                                    "shortName": "MATH1001",
                                    "fullName": "Calculus I",
                                    "description": "",
                                    "prerequisite": ""
                                },
                                "grade": "DD"
                            },
                            {
                                "course": {
                                    "shortName": "MBG1201",
                                    "fullName": "Introduction to Modern Biology",
                                    "description": "",
                                    "prerequisite": ""
                                },
                                "grade": "DC"
                            },
                            {
                                "course": {
                                    "shortName": "PHYS1101",
                                    "fullName": "Physics I",
                                    "description": "",
                                    "prerequisite": ""
                                },
                                "grade": "CC"
                            },
                            {
                                "course": {
                                    "shortName": "PHYS1103",
                                    "fullName": "Physics Lab I",
                                    "description": "",
                                    "prerequisite": ""
                                },
                                "grade": "BB"
                            },
                            {
                                "course": {
                                    "shortName": "TRD121",
                                    "fullName": "Türk Dili I",
                                    "description": "",
                                    "prerequisite": ""
                                },
                                "grade": "AA"
                            },
                            {
                                "course": {
                                    "shortName": "ATA122",
                                    "fullName": "Atatürk İlkeleri ve İnkılap Tarihi II",
                                    "description": "",
                                    "prerequisite": ""
                                },
                                "grade": "BC"
                            },
                            {
                                "course": {
                                    "shortName": "CSE1242",
                                    "fullName": "Computer Programming II",
                                    "description": "",
                                    "prerequisite": ""
                                },
                                "grade": "DD"
                            },
                            {
                                "course": {
                                    "shortName": "MATH1002",
                                    "fullName": "Calculus II",
                                    "description": "",
                                    "prerequisite": ""
                                },
                                "grade": "DC"
                            },
                            {
                                "course": {
                                    "shortName": "MATH2256",
                                    "fullName": "Linear Algebra for Computer Engineering",
                                    "description": "",
                                    "prerequisite": ""
                                },
                                "grade": "BB"
                            },
                            {
                                "course": {
                                    "shortName": "PHYS1102",
                                    "fullName": "Physics II",
                                    "description": "",
                                    "prerequisite": ""
                                },
                                "grade": "BB"
                            },
                            {
                                "course": {
                                    "shortName": "PHYS1104",
                                    "fullName": "Physics Lab II",
                                    "description": "",
                                    "prerequisite": ""
                                },
                                "grade": "AA"
                            },
                            {
                                "course": {
                                    "shortName": "TRD122",
                                    "fullName": "Türk Dili II",
                                    "description": "",
                                    "prerequisite": ""
                                },
                                "grade": "BA"
                            }
                        ]
                    },
                    "personName": "Tamer",
                    "personSurname": "Ünal",
                    "username": "tamer",
                    "password": "tamerunal"
                },
                {
                    "address": "Maltepe/Istanbul",
                    "phoneNumber": "5315274392",
                    "studentYear": 3,
                    "entranceYear": 2020,
                    "isApproved": false,
                    "courses": [],
                    "transcript": {
                        "listGrades": [
                            {
                                "course": {
                                    "shortName": "ATA121",
                                    "fullName": "Atatürk İlkeleri ve İnkılap Tarihi I",
                                    "description": "",
                                    "prerequisite": ""
                                },
                                "grade": "BA"
                            },
                            {
                                "course": {
                                    "shortName": "CSE1200",
                                    "fullName": "Introduction to Computer Engineering",
                                    "description": "",
                                    "prerequisite": ""
                                },
                                "grade": "CB"
                            },
                            {
                                "course": {
                                    "shortName": "CSE1241",
                                    "fullName": "Computer Programming I",
                                    "description": "",
                                    "prerequisite": ""
                                },
                                "grade": "BB"
                            },
                            {
                                "course": {
                                    "shortName": "MATH1001",
                                    "fullName": "Calculus I",
                                    "description": "",
                                    "prerequisite": ""
                                },
                                "grade": "DD"
                            },
                            {
                                "course": {
                                    "shortName": "MBG1201",
                                    "fullName": "Introduction to Modern Biology",
                                    "description": "",
                                    "prerequisite": ""
                                },
                                "grade": "CC"
                            },
                            {
                                "course": {
                                    "shortName": "PHYS1101",
                                    "fullName": "Physics I",
                                    "description": "",
                                    "prerequisite": ""
                                },
                                "grade": "CB"
                            },
                            {
                                "course": {
                                    "shortName": "PHYS1103",
                                    "fullName": "Physics Lab I",
                                    "description": "",
                                    "prerequisite": ""
                                },
                                "grade": "BB"
                            },
                            {
                                "course": {
                                    "shortName": "TRD121",
                                    "fullName": "Türk Dili I",
                                    "description": "",
                                    "prerequisite": ""
                                },
                                "grade": "BB"
                            },
                            {
                                "course": {
                                    "shortName": "ATA122",
                                    "fullName": "Atatürk İlkeleri ve İnkılap Tarihi II",
                                    "description": "",
                                    "prerequisite": ""
                                },
                                "grade": "BA"
                            },
                            {
                                "course": {
                                    "shortName": "CSE1242",
                                    "fullName": "Computer Programming II",
                                    "description": "",
                                    "prerequisite": ""
                                },
                                "grade": "CB"
                            },
                            {
                                "course": {
                                    "shortName": "MATH1002",
                                    "fullName": "Calculus II",
                                    "description": "",
                                    "prerequisite": ""
                                },
                                "grade": "DD"
                            },
                            {
                                "course": {
                                    "shortName": "MATH2256",
                                    "fullName": "Linear Algebra for Computer Engineering",
                                    "description": "",
                                    "prerequisite": ""
                                },
                                "grade": "DC"
                            },
                            {
                                "course": {
                                    "shortName": "PHYS1102",
                                    "fullName": "Physics II",
                                    "description": "",
                                    "prerequisite": ""
                                },
                                "grade": "CB"
                            },
                            {
                                "course": {
                                    "shortName": "PHYS1104",
                                    "fullName": "Physics Lab II",
                                    "description": "",
                                    "prerequisite": ""
                                },
                                "grade": "CB"
                            },
                            {
                                "course": {
                                    "shortName": "TRD122",
                                    "fullName": "Türk Dili II",
                                    "description": "",
                                    "prerequisite": ""
                                },
                                "grade": "AA"
                            }
                        ]
                    },
                    "personName": "Hakkı",
                    "personSurname": "Kokur",
                    "username": "hakki",
                    "password": "hakkikokur"
                },
                {
                    "address": "Maltepe/Istanbul",
                    "phoneNumber": "1234567789",
                    "studentYear": 3,
                    "entranceYear": 2021,
                    "isApproved": false,
                    "courses": [],
                    "transcript": {
                        "listGrades": [
                            {
                                "course": {
                                    "shortName": "ATA121",
                                    "fullName": "Atatürk İlkeleri ve İnkılap Tarihi I",
                                    "description": "",
                                    "prerequisite": ""
                                },
                                "grade": "AA"
                            },
                            {
                                "course": {
                                    "shortName": "CSE1200",
                                    "fullName": "Introduction to Computer Engineering",
                                    "description": "",
                                    "prerequisite": ""
                                },
                                "grade": "BA"
                            },
                            {
                                "course": {
                                    "shortName": "CSE1241",
                                    "fullName": "Computer Programming I",
                                    "description": "",
                                    "prerequisite": ""
                                },
                                "grade": "AA"
                            },
                            {
                                "course": {
                                    "shortName": "MATH1001",
                                    "fullName": "Calculus I",
                                    "description": "",
                                    "prerequisite": ""
                                },
                                "grade": "CC"
                            },
                            {
                                "course": {
                                    "shortName": "MBG1201",
                                    "fullName": "Introduction to Modern Biology",
                                    "description": "",
                                    "prerequisite": ""
                                },
                                "grade": "BC"
                            },
                            {
                                "course": {
                                    "shortName": "PHYS1101",
                                    "fullName": "Physics I",
                                    "description": "",
                                    "prerequisite": ""
                                },
                                "grade": "DD"
                            },
                            {
                                "course": {
                                    "shortName": "PHYS1103",
                                    "fullName": "Physics Lab I",
                                    "description": "",
                                    "prerequisite": ""
                                },
                                "grade": "BB"
                            },
                            {
                                "course": {
                                    "shortName": "TRD121",
                                    "fullName": "Türk Dili I",
                                    "description": "",
                                    "prerequisite": ""
                                },
                                "grade": "AA"
                            },
                            {
                                "course": {
                                    "shortName": "ATA122",
                                    "fullName": "Atatürk İlkeleri ve İnkılap Tarihi II",
                                    "description": "",
                                    "prerequisite": ""
                                },
                                "grade": "BC"
                            },
                            {
                                "course": {
                                    "shortName": "CSE1242",
                                    "fullName": "Computer Programming II",
                                    "description": "",
                                    "prerequisite": ""
                                },
                                "grade": "DC"
                            },
                            {
                                "course": {
                                    "shortName": "MATH1002",
                                    "fullName": "Calculus II",
                                    "description": "",
                                    "prerequisite": ""
                                },
                                "grade": "BB"
                            },
                            {
                                "course": {
                                    "shortName": "MATH2256",
                                    "fullName": "Linear Algebra for Computer Engineering",
                                    "description": "",
                                    "prerequisite": ""
                                },
                                "grade": "BA"
                            },
                            {
                                "course": {
                                    "shortName": "PHYS1102",
                                    "fullName": "Physics II",
                                    "description": "",
                                    "prerequisite": ""
                                },
                                "grade": "BB"
                            },
                            {
                                "course": {
                                    "shortName": "PHYS1104",
                                    "fullName": "Physics Lab II",
                                    "description": "",
                                    "prerequisite": ""
                                },
                                "grade": "AA"
                            },
                            {
                                "course": {
                                    "shortName": "TRD122",
                                    "fullName": "Türk Dili II",
                                    "description": "",
                                    "prerequisite": ""
                                },
                                "grade": "AA"
                            }
                        ]
                    },
                    "personName": "Musa",
                    "personSurname": "Özkan",
                    "username": "musa",
                    "password": "musaozkan"
                },
                {
                    "address": "Kartal/Istanbul",
                    "phoneNumber": "1234567890",
                    "studentYear": 3,
                    "entranceYear": 2021,
                    "isApproved": false,
                    "courses": [],
                    "transcript": {
                        "listGrades": [
                            {
                                "course": {
                                    "shortName": "ATA121",
                                    "fullName": "Atatürk İlkeleri ve İnkılap Tarihi I",
                                    "description": "",
                                    "prerequisite": ""
                                },
                                "grade": "AA"
                            },
                            {
                                "course": {
                                    "shortName": "CSE1200",
                                    "fullName": "Introduction to Computer Engineering",
                                    "description": "",
                                    "prerequisite": ""
                                },
                                "grade": "BB"
                            },
                            {
                                "course": {
                                    "shortName": "CSE1241",
                                    "fullName": "Computer Programming I",
                                    "description": "",
                                    "prerequisite": ""
                                },
                                "grade": "BA"
                            },
                            {
                                "course": {
                                    "shortName": "MATH1001",
                                    "fullName": "Calculus I",
                                    "description": "",
                                    "prerequisite": ""
                                },
                                "grade": "DC"
                            },
                            {
                                "course": {
                                    "shortName": "MBG1201",
                                    "fullName": "Introduction to Modern Biology",
                                    "description": "",
                                    "prerequisite": ""
                                },
                                "grade": "CC"
                            },
                            {
                                "course": {
                                    "shortName": "PHYS1101",
                                    "fullName": "Physics I",
                                    "description": "",
                                    "prerequisite": ""
                                },
                                "grade": "DC"
                            },
                            {
                                "course": {
                                    "shortName": "PHYS1103",
                                    "fullName": "Physics Lab I",
                                    "description": "",
                                    "prerequisite": ""
                                },
                                "grade": "AA"
                            },
                            {
                                "course": {
                                    "shortName": "TRD121",
                                    "fullName": "Türk Dili I",
                                    "description": "",
                                    "prerequisite": ""
                                },
                                "grade": "BA"
                            },
                            {
                                "course": {
                                    "shortName": "ATA122",
                                    "fullName": "Atatürk İlkeleri ve İnkılap Tarihi II",
                                    "description": "",
                                    "prerequisite": ""
                                },
                                "grade": "AA"
                            },
                            {
                                "course": {
                                    "shortName": "CSE1242",
                                    "fullName": "Computer Programming II",
                                    "description": "",
                                    "prerequisite": ""
                                },
                                "grade": "CC"
                            },
                            {
                                "course": {
                                    "shortName": "MATH1002",
                                    "fullName": "Calculus II",
                                    "description": "",
                                    "prerequisite": ""
                                },
                                "grade": "CC"
                            },
                            {
                                "course": {
                                    "shortName": "MATH2256",
                                    "fullName": "Linear Algebra for Computer Engineering",
                                    "description": "",
                                    "prerequisite": ""
                                },
                                "grade": "CC"
                            },
                            {
                                "course": {
                                    "shortName": "PHYS1102",
                                    "fullName": "Physics II",
                                    "description": "",
                                    "prerequisite": ""
                                },
                                "grade": "BC"
                            },
                            {
                                "course": {
                                    "shortName": "PHYS1104",
                                    "fullName": "Physics Lab II",
                                    "description": "",
                                    "prerequisite": ""
                                },
                                "grade": "AA"
                            },
                            {
                                "course": {
                                    "shortName": "TRD122",
                                    "fullName": "Türk Dili II",
                                    "description": "",
                                    "prerequisite": ""
                                },
                                "grade": "AA"
                            }
                        ]
                    },
                    "personName": "Ege",
                    "personSurname": "Özgen",
                    "username": "ege",
                    "password": "egeozgen"
                },
                {
                    "address": "Bostancı/Istanbul",
                    "phoneNumber": "1234566789",
                    "studentYear": 3,
                    "entranceYear": 2019,
                    "isApproved": false,
                    "courses": [],
                    "transcript": {
                        "listGrades": [
                            {
                                "course": {
                                    "shortName": "ATA121",
                                    "fullName": "Atatürk İlkeleri ve İnkılap Tarihi I",
                                    "description": "",
                                    "prerequisite": ""
                                },
                                "grade": "BA"
                            },
                            {
                                "course": {
                                    "shortName": "CSE1200",
                                    "fullName": "Introduction to Computer Engineering",
                                    "description": "",
                                    "prerequisite": ""
                                },
                                "grade": "AA"
                            },
                            {
                                "course": {
                                    "shortName": "CSE1241",
                                    "fullName": "Computer Programming I",
                                    "description": "",
                                    "prerequisite": ""
                                },
                                "grade": "BC"
                            },
                            {
                                "course": {
                                    "shortName": "MATH1001",
                                    "fullName": "Calculus I",
                                    "description": "",
                                    "prerequisite": ""
                                },
                                "grade": "DD"
                            },
                            {
                                "course": {
                                    "shortName": "MBG1201",
                                    "fullName": "Introduction to Modern Biology",
                                    "description": "",
                                    "prerequisite": ""
                                },
                                "grade": "DC"
                            },
                            {
                                "course": {
                                    "shortName": "PHYS1101",
                                    "fullName": "Physics I",
                                    "description": "",
                                    "prerequisite": ""
                                },
                                "grade": "CC"
                            },
                            {
                                "course": {
                                    "shortName": "PHYS1103",
                                    "fullName": "Physics Lab I",
                                    "description": "",
                                    "prerequisite": ""
                                },
                                "grade": "BB"
                            },
                            {
                                "course": {
                                    "shortName": "TRD121",
                                    "fullName": "Türk Dili I",
                                    "description": "",
                                    "prerequisite": ""
                                },
                                "grade": "AA"
                            },
                            {
                                "course": {
                                    "shortName": "ATA122",
                                    "fullName": "Atatürk İlkeleri ve İnkılap Tarihi II",
                                    "description": "",
                                    "prerequisite": ""
                                },
                                "grade": "BC"
                            },
                            {
                                "course": {
                                    "shortName": "CSE1242",
                                    "fullName": "Computer Programming II",
                                    "description": "",
                                    "prerequisite": ""
                                },
                                "grade": "DD"
                            },
                            {
                                "course": {
                                    "shortName": "MATH1002",
                                    "fullName": "Calculus II",
                                    "description": "",
                                    "prerequisite": ""
                                },
                                "grade": "DC"
                            },
                            {
                                "course": {
                                    "shortName": "MATH2256",
                                    "fullName": "Linear Algebra for Computer Engineering",
                                    "description": "",
                                    "prerequisite": ""
                                },
                                "grade": "BB"
                            },
                            {
                                "course": {
                                    "shortName": "PHYS1102",
                                    "fullName": "Physics II",
                                    "description": "",
                                    "prerequisite": ""
                                },
                                "grade": "BB"
                            },
                            {
                                "course": {
                                    "shortName": "PHYS1104",
                                    "fullName": "Physics Lab II",
                                    "description": "",
                                    "prerequisite": ""
                                },
                                "grade": "AA"
                            },
                            {
                                "course": {
                                    "shortName": "TRD122",
                                    "fullName": "Türk Dili II",
                                    "description": "",
                                    "prerequisite": ""
                                },
                                "grade": "BA"
                            }
                        ]
                    },
                    "personName": "Okan",
                    "personSurname": "Ünal",
                    "username": "okan",
                    "password": "okanunal"
                }
            ],
            "reputation": "Dr.",
            "officeHours": [
                {
                    "startTime": "",
                    "endTime": "",
                    "dayOfWeek": ""
                }
            ],
            "salary": 99999,
            "employmentStatus": "true",
            "personName": "FATMA CORUT",
            "personSurname": "ERGİN",
            "username": "fatmacorut",
            "password": "fatmacorutergin"
        },
        {
            "students": [
                {
                    "address": "Kartal/Istanbul",
                    "phoneNumber": "1234567890",
                    "studentYear": 3,
                    "entranceYear": 2021,
                    "isApproved": false,
                    "courses": [],
                    "transcript": {
                        "listGrades": [
                            {
                                "course": {
                                    "shortName": "ATA121",
                                    "fullName": "Atatürk İlkeleri ve İnkılap Tarihi I",
                                    "description": "",
                                    "prerequisite": ""
                                },
                                "grade": "AA"
                            },
                            {
                                "course": {
                                    "shortName": "CSE1200",
                                    "fullName": "Introduction to Computer Engineering",
                                    "description": "",
                                    "prerequisite": ""
                                },
                                "grade": "BB"
                            },
                            {
                                "course": {
                                    "shortName": "CSE1241",
                                    "fullName": "Computer Programming I",
                                    "description": "",
                                    "prerequisite": ""
                                },
                                "grade": "BA"
                            },
                            {
                                "course": {
                                    "shortName": "MATH1001",
                                    "fullName": "Calculus I",
                                    "description": "",
                                    "prerequisite": ""
                                },
                                "grade": "DC"
                            },
                            {
                                "course": {
                                    "shortName": "MBG1201",
                                    "fullName": "Introduction to Modern Biology",
                                    "description": "",
                                    "prerequisite": ""
                                },
                                "grade": "CC"
                            },
                            {
                                "course": {
                                    "shortName": "PHYS1101",
                                    "fullName": "Physics I",
                                    "description": "",
                                    "prerequisite": ""
                                },
                                "grade": "DC"
                            },
                            {
                                "course": {
                                    "shortName": "PHYS1103",
                                    "fullName": "Physics Lab I",
                                    "description": "",
                                    "prerequisite": ""
                                },
                                "grade": "AA"
                            },
                            {
                                "course": {
                                    "shortName": "TRD121",
                                    "fullName": "Türk Dili I",
                                    "description": "",
                                    "prerequisite": ""
                                },
                                "grade": "BA"
                            },
                            {
                                "course": {
                                    "shortName": "ATA122",
                                    "fullName": "Atatürk İlkeleri ve İnkılap Tarihi II",
                                    "description": "",
                                    "prerequisite": ""
                                },
                                "grade": "AA"
                            },
                            {
                                "course": {
                                    "shortName": "CSE1242",
                                    "fullName": "Computer Programming II",
                                    "description": "",
                                    "prerequisite": ""
                                },
                                "grade": "CC"
                            },
                            {
                                "course": {
                                    "shortName": "MATH1002",
                                    "fullName": "Calculus II",
                                    "description": "",
                                    "prerequisite": ""
                                },
                                "grade": "CC"
                            },
                            {
                                "course": {
                                    "shortName": "MATH2256",
                                    "fullName": "Linear Algebra for Computer Engineering",
                                    "description": "",
                                    "prerequisite": ""
                                },
                                "grade": "CC"
                            },
                            {
                                "course": {
                                    "shortName": "PHYS1102",
                                    "fullName": "Physics II",
                                    "description": "",
                                    "prerequisite": ""
                                },
                                "grade": "BC"
                            },
                            {
                                "course": {
                                    "shortName": "PHYS1104",
                                    "fullName": "Physics Lab II",
                                    "description": "",
                                    "prerequisite": ""
                                },
                                "grade": "AA"
                            },
                            {
                                "course": {
                                    "shortName": "TRD122",
                                    "fullName": "Türk Dili II",
                                    "description": "",
                                    "prerequisite": ""
                                },
                                "grade": "AA"
                            }
                        ]
                    },
                    "personName": "Efe",
                    "personSurname": "Özgen",
                    "username": "efe",
                    "password": "efeozgen"
                },
                {
                    "address": "Kartal/Istanbul",
                    "phoneNumber": "1234567899",
                    "studentYear": 3,
                    "entranceYear": 2021,
                    "isApproved": false,
                    "courses": [],
                    "transcript": {
                        "listGrades": [
                            {
                                "course": {
                                    "shortName": "ATA121",
                                    "fullName": "Atatürk İlkeleri ve İnkılap Tarihi I",
                                    "description": "",
                                    "prerequisite": ""
                                },
                                "grade": "BB"
                            },
                            {
                                "course": {
                                    "shortName": "CSE1200",
                                    "fullName": "Introduction to Computer Engineering",
                                    "description": "",
                                    "prerequisite": ""
                                },
                                "grade": "AA"
                            },
                            {
                                "course": {
                                    "shortName": "CSE1241",
                                    "fullName": "Computer Programming I",
                                    "description": "",
                                    "prerequisite": ""
                                },
                                "grade": "BA"
                            },
                            {
                                "course": {
                                    "shortName": "MATH1001",
                                    "fullName": "Calculus I",
                                    "description": "",
                                    "prerequisite": ""
                                },
                                "grade": "CC"
                            },
                            {
                                "course": {
                                    "shortName": "MBG1201",
                                    "fullName": "Introduction to Modern Biology",
                                    "description": "",
                                    "prerequisite": ""
                                },
                                "grade": "BC"
                            },
                            {
                                "course": {
                                    "shortName": "PHYS1101",
                                    "fullName": "Physics I",
                                    "description": "",
                                    "prerequisite": ""
                                },
                                "grade": "DD"
                            },
                            {
                                "course": {
                                    "shortName": "PHYS1103",
                                    "fullName": "Physics Lab I",
                                    "description": "",
                                    "prerequisite": ""
                                },
                                "grade": "BA"
                            },
                            {
                                "course": {
                                    "shortName": "TRD121",
                                    "fullName": "Türk Dili I",
                                    "description": "",
                                    "prerequisite": ""
                                },
                                "grade": "AA"
                            },
                            {
                                "course": {
                                    "shortName": "ATA122",
                                    "fullName": "Atatürk İlkeleri ve İnkılap Tarihi II",
                                    "description": "",
                                    "prerequisite": ""
                                },
                                "grade": "AA"
                            },
                            {
                                "course": {
                                    "shortName": "CSE1242",
                                    "fullName": "Computer Programming II",
                                    "description": "",
                                    "prerequisite": ""
                                },
                                "grade": "BB"
                            },
                            {
                                "course": {
                                    "shortName": "MATH1002",
                                    "fullName": "Calculus II",
                                    "description": "",
                                    "prerequisite": ""
                                },
                                "grade": "BC"
                            },
                            {
                                "course": {
                                    "shortName": "MATH2256",
                                    "fullName": "Linear Algebra for Computer Engineering",
                                    "description": "",
                                    "prerequisite": ""
                                },
                                "grade": "DC"
                            },
                            {
                                "course": {
                                    "shortName": "PHYS1102",
                                    "fullName": "Physics II",
                                    "description": "",
                                    "prerequisite": ""
                                },
                                "grade": "BB"
                            },
                            {
                                "course": {
                                    "shortName": "PHYS1104",
                                    "fullName": "Physics Lab II",
                                    "description": "",
                                    "prerequisite": ""
                                },
                                "grade": "BA"
                            },
                            {
                                "course": {
                                    "shortName": "TRD122",
                                    "fullName": "Türk Dili II",
                                    "description": "",
                                    "prerequisite": ""
                                },
                                "grade": "AA"
                            }
                        ]
                    },
                    "personName": "Barış Giray",
                    "personSurname": "Akman",
                    "username": "baris",
                    "password": "barisgirayakman"
                },
                {
                    "address": "Cevizli/Istanbul",
                    "phoneNumber": "1234567889",
                    "studentYear": 3,
                    "entranceYear": 2021,
                    "isApproved": true,
                    "courses": [],
                    "transcript": {
                        "listGrades": [
                            {
                                "course": {
                                    "shortName": "ATA121",
                                    "fullName": "Atatürk İlkeleri ve İnkılap Tarihi I",
                                    "description": "",
                                    "prerequisite": ""
                                },
                                "grade": "BA"
                            },
                            {
                                "course": {
                                    "shortName": "CSE1200",
                                    "fullName": "Introduction to Computer Engineering",
                                    "description": "",
                                    "prerequisite": ""
                                },
                                "grade": "BC"
                            },
                            {
                                "course": {
                                    "shortName": "CSE1241",
                                    "fullName": "Computer Programming I",
                                    "description": "",
                                    "prerequisite": ""
                                },
                                "grade": "AA"
                            },
                            {
                                "course": {
                                    "shortName": "MATH1001",
                                    "fullName": "Calculus I",
                                    "description": "",
                                    "prerequisite": ""
                                },
                                "grade": "CC"
                            },
                            {
                                "course": {
                                    "shortName": "MBG1201",
                                    "fullName": "Introduction to Modern Biology",
                                    "description": "",
                                    "prerequisite": ""
                                },
                                "grade": "BC"
                            },
                            {
                                "course": {
                                    "shortName": "PHYS1101",
                                    "fullName": "Physics I",
                                    "description": "",
                                    "prerequisite": ""
                                },
                                "grade": "DC"
                            },
                            {
                                "course": {
                                    "shortName": "PHYS1103",
                                    "fullName": "Physics Lab I",
                                    "description": "",
                                    "prerequisite": ""
                                },
                                "grade": "AA"
                            },
                            {
                                "course": {
                                    "shortName": "TRD121",
                                    "fullName": "Türk Dili I",
                                    "description": "",
                                    "prerequisite": ""
                                },
                                "grade": "AA"
                            },
                            {
                                "course": {
                                    "shortName": "ATA122",
                                    "fullName": "Atatürk İlkeleri ve İnkılap Tarihi II",
                                    "description": "",
                                    "prerequisite": ""
                                },
                                "grade": "BA"
                            },
                            {
                                "course": {
                                    "shortName": "CSE1242",
                                    "fullName": "Computer Programming II",
                                    "description": "",
                                    "prerequisite": ""
                                },
                                "grade": "DC"
                            },
                            {
                                "course": {
                                    "shortName": "MATH1002",
                                    "fullName": "Calculus II",
                                    "description": "",
                                    "prerequisite": ""
                                },
                                "grade": "BC"
                            },
                            {
                                "course": {
                                    "shortName": "MATH2256",
                                    "fullName": "Linear Algebra for Computer Engineering",
                                    "description": "",
                                    "prerequisite": ""
                                },
                                "grade": "CC"
                            },
                            {
                                "course": {
                                    "shortName": "PHYS1102",
                                    "fullName": "Physics II",
                                    "description": "",
                                    "prerequisite": ""
                                },
                                "grade": "BC"
                            },
                            {
                                "course": {
                                    "shortName": "PHYS1104",
                                    "fullName": "Physics Lab II",
                                    "description": "",
                                    "prerequisite": ""
                                },
                                "grade": "AA"
                            },
                            {
                                "course": {
                                    "shortName": "TRD122",
                                    "fullName": "Türk Dili II",
                                    "description": "",
                                    "prerequisite": ""
                                },
                                "grade": "AA"
                            },
                            {
                                "course": {
                                    "shortName": "CSE2023",
                                    "fullName": "Discrete Computational Structures",
                                    "description": "",
                                    "prerequisite": ""
                                },
                                "grade": "AA"
                            },
                            {
                                "course": {
                                    "shortName": "CSE2225",
                                    "fullName": "Data Structures",
                                    "description": "",
                                    "prerequisite": ""
                                },
                                "grade": "AA"
                            },
                            {
                                "course": {
                                    "shortName": "ECON2004",
                                    "fullName": "Engineering Economy",
                                    "description": "",
                                    "prerequisite": ""
                                },
                                "grade": "AA"
                            },
                            {
                                "course": {
                                    "shortName": "EE2031",
                                    "fullName": "Electric Circuits",
                                    "description": "",
                                    "prerequisite": ""
                                },
                                "grade": "AA"
                            },
                            {
                                "course": {
                                    "shortName": "MATH2055",
                                    "fullName": "Differential Equations",
                                    "description": "",
                                    "prerequisite": ""
                                },
                                "grade": "AA"
                            },
                            {
                                "course": {
                                    "shortName": "MATH2059",
                                    "fullName": "Numerical Methods",
                                    "description": "",
                                    "prerequisite": ""
                                },
                                "grade": "AA"
                            },
                            {
                                "course": {
                                    "shortName": "CSE2138",
                                    "fullName": "Systems Programming",
                                    "description": "",
                                    "prerequisite": ""
                                },
                                "grade": "AA"
                            },
                            {
                                "course": {
                                    "shortName": "CSE2246",
                                    "fullName": "Analysis of Algorithms",
                                    "description": "",
                                    "prerequisite": ""
                                },
                                "grade": "AA"
                            },
                            {
                                "course": {
                                    "shortName": "CSE2260",
                                    "fullName": "Principles of Programming Languages",
                                    "description": "",
                                    "prerequisite": ""
                                },
                                "grade": "AA"
                            },
                            {
                                "course": {
                                    "shortName": "EE2032",
                                    "fullName": "Electronics",
                                    "description": "",
                                    "prerequisite": ""
                                },
                                "grade": "AA"
                            }
                        ]
                    },
                    "personName": "Burak",
                    "personSurname": "Karayağlı",
                    "username": "burak",
                    "password": "burakkarayagli"
                },
                {
                    "address": "Kartal/Istanbul",
                    "phoneNumber": "1234567899",
                    "studentYear": 3,
                    "entranceYear": 2021,
                    "isApproved": false,
                    "courses": [],
                    "transcript": {
                        "listGrades": [
                            {
                                "course": {
                                    "shortName": "ATA121",
                                    "fullName": "Atatürk İlkeleri ve İnkılap Tarihi I",
                                    "description": "",
                                    "prerequisite": ""
                                },
                                "grade": "BB"
                            },
                            {
                                "course": {
                                    "shortName": "CSE1200",
                                    "fullName": "Introduction to Computer Engineering",
                                    "description": "",
                                    "prerequisite": ""
                                },
                                "grade": "AA"
                            },
                            {
                                "course": {
                                    "shortName": "CSE1241",
                                    "fullName": "Computer Programming I",
                                    "description": "",
                                    "prerequisite": ""
                                },
                                "grade": "BA"
                            },
                            {
                                "course": {
                                    "shortName": "MATH1001",
                                    "fullName": "Calculus I",
                                    "description": "",
                                    "prerequisite": ""
                                },
                                "grade": "CC"
                            },
                            {
                                "course": {
                                    "shortName": "MBG1201",
                                    "fullName": "Introduction to Modern Biology",
                                    "description": "",
                                    "prerequisite": ""
                                },
                                "grade": "BC"
                            },
                            {
                                "course": {
                                    "shortName": "PHYS1101",
                                    "fullName": "Physics I",
                                    "description": "",
                                    "prerequisite": ""
                                },
                                "grade": "DD"
                            },
                            {
                                "course": {
                                    "shortName": "PHYS1103",
                                    "fullName": "Physics Lab I",
                                    "description": "",
                                    "prerequisite": ""
                                },
                                "grade": "BA"
                            },
                            {
                                "course": {
                                    "shortName": "TRD121",
                                    "fullName": "Türk Dili I",
                                    "description": "",
                                    "prerequisite": ""
                                },
                                "grade": "AA"
                            },
                            {
                                "course": {
                                    "shortName": "ATA122",
                                    "fullName": "Atatürk İlkeleri ve İnkılap Tarihi II",
                                    "description": "",
                                    "prerequisite": ""
                                },
                                "grade": "AA"
                            },
                            {
                                "course": {
                                    "shortName": "CSE1242",
                                    "fullName": "Computer Programming II",
                                    "description": "",
                                    "prerequisite": ""
                                },
                                "grade": "BB"
                            },
                            {
                                "course": {
                                    "shortName": "MATH1002",
                                    "fullName": "Calculus II",
                                    "description": "",
                                    "prerequisite": ""
                                },
                                "grade": "BC"
                            },
                            {
                                "course": {
                                    "shortName": "MATH2256",
                                    "fullName": "Linear Algebra for Computer Engineering",
                                    "description": "",
                                    "prerequisite": ""
                                },
                                "grade": "DC"
                            },
                            {
                                "course": {
                                    "shortName": "PHYS1102",
                                    "fullName": "Physics II",
                                    "description": "",
                                    "prerequisite": ""
                                },
                                "grade": "BB"
                            },
                            {
                                "course": {
                                    "shortName": "PHYS1104",
                                    "fullName": "Physics Lab II",
                                    "description": "",
                                    "prerequisite": ""
                                },
                                "grade": "BA"
                            },
                            {
                                "course": {
                                    "shortName": "TRD122",
                                    "fullName": "Türk Dili II",
                                    "description": "",
                                    "prerequisite": ""
                                },
                                "grade": "AA"
                            }
                        ]
                    },
                    "personName": "Baran",
                    "personSurname": "Akman",
                    "username": "baran",
                    "password": "baranakman"
                },
                {
                    "address": "Kartal/Istanbul",
                    "phoneNumber": "1234567890",
                    "studentYear": 3,
                    "entranceYear": 2021,
                    "isApproved": false,
                    "courses": [],
                    "transcript": {
                        "listGrades": [
                            {
                                "course": {
                                    "shortName": "ATA121",
                                    "fullName": "Atatürk İlkeleri ve İnkılap Tarihi I",
                                    "description": "",
                                    "prerequisite": ""
                                },
                                "grade": "AA"
                            },
                            {
                                "course": {
                                    "shortName": "CSE1200",
                                    "fullName": "Introduction to Computer Engineering",
                                    "description": "",
                                    "prerequisite": ""
                                },
                                "grade": "BB"
                            },
                            {
                                "course": {
                                    "shortName": "CSE1241",
                                    "fullName": "Computer Programming I",
                                    "description": "",
                                    "prerequisite": ""
                                },
                                "grade": "BA"
                            },
                            {
                                "course": {
                                    "shortName": "MATH1001",
                                    "fullName": "Calculus I",
                                    "description": "",
                                    "prerequisite": ""
                                },
                                "grade": "DC"
                            },
                            {
                                "course": {
                                    "shortName": "MBG1201",
                                    "fullName": "Introduction to Modern Biology",
                                    "description": "",
                                    "prerequisite": ""
                                },
                                "grade": "CC"
                            },
                            {
                                "course": {
                                    "shortName": "PHYS1101",
                                    "fullName": "Physics I",
                                    "description": "",
                                    "prerequisite": ""
                                },
                                "grade": "DC"
                            },
                            {
                                "course": {
                                    "shortName": "PHYS1103",
                                    "fullName": "Physics Lab I",
                                    "description": "",
                                    "prerequisite": ""
                                },
                                "grade": "AA"
                            },
                            {
                                "course": {
                                    "shortName": "TRD121",
                                    "fullName": "Türk Dili I",
                                    "description": "",
                                    "prerequisite": ""
                                },
                                "grade": "BA"
                            },
                            {
                                "course": {
                                    "shortName": "ATA122",
                                    "fullName": "Atatürk İlkeleri ve İnkılap Tarihi II",
                                    "description": "",
                                    "prerequisite": ""
                                },
                                "grade": "AA"
                            },
                            {
                                "course": {
                                    "shortName": "CSE1242",
                                    "fullName": "Computer Programming II",
                                    "description": "",
                                    "prerequisite": ""
                                },
                                "grade": "CC"
                            },
                            {
                                "course": {
                                    "shortName": "MATH1002",
                                    "fullName": "Calculus II",
                                    "description": "",
                                    "prerequisite": ""
                                },
                                "grade": "CC"
                            },
                            {
                                "course": {
                                    "shortName": "MATH2256",
                                    "fullName": "Linear Algebra for Computer Engineering",
                                    "description": "",
                                    "prerequisite": ""
                                },
                                "grade": "CC"
                            },
                            {
                                "course": {
                                    "shortName": "PHYS1102",
                                    "fullName": "Physics II",
                                    "description": "",
                                    "prerequisite": ""
                                },
                                "grade": "BC"
                            },
                            {
                                "course": {
                                    "shortName": "PHYS1104",
                                    "fullName": "Physics Lab II",
                                    "description": "",
                                    "prerequisite": ""
                                },
                                "grade": "AA"
                            },
                            {
                                "course": {
                                    "shortName": "TRD122",
                                    "fullName": "Türk Dili II",
                                    "description": "",
                                    "prerequisite": ""
                                },
                                "grade": "AA"
                            }
                        ]
                    },
                    "personName": "Eylem",
                    "personSurname": "Özgen",
                    "username": "eylem",
                    "password": "eylemozgen"
                }
            ],
            "reputation": "Dr.",
            "officeHours": [
                {
                    "startTime": "",
                    "endTime": "",
                    "dayOfWeek": ""
                }
            ],
            "salary": 99999,
            "employmentStatus": "true",
            "personName": "BETÜL",
            "personSurname": "BOZ",
            "username": "betul",
            "password": "betulboz"
        }
    ]
}