{
  "address": "Beykoz/Istanbul",
  "phoneNumber": "5055667788",
  "semester": 2,
  "entranceYear": 2023,
  "status": "",
  "selectedCourses": [],
  "transcript": {
    "listGrades": [
      {
        "course": {
          "shortName": "ATA121",
          "fullName": "Atatürk İlkeleri ve İnkılap Tarihi I",
          "description": "",
          "prerequisite": [],
          "semester": 1,
          "credit": 2
        },
        "grade": "BA"
      },
      {
        "course": {
          "shortName": "MBG1201",
          "fullName": "Introduction to Modern Biology",
          "description": "",
          "prerequisite": [],
          "semester": 1,
          "credit": 5
        },
        "grade": "BB"
      },
      {
        "course": {
          "shortName": "CSE1200",
          "fullName": "Introduction to Computer Engineering",
          "description": "",
          "prerequisite": [],
          "semester": 1,
          "credit": 4
        },
        "grade": "CB"
      },
      {
        "course": {
          "shortName": "CSE1241",
          "fullName": "Computer Programming I",
          "description": "",
          "prerequisite": [],
          "semester": 1,
          "credit": 6
        },
        "grade": "DC"
      },
      {
        "course": {
          "shortName": "MATH1001",
          "fullName": "Calculus I",
          "description": "",
          "prerequisite": [],
          "semester": 1,
          "credit": 6
        },
        "grade": "FF"
      },
      {
        "course": {
          "shortName": "PHYS1001",
          "fullName": "Physics I",
          "description": "",
          "prerequisite": [],
          "semester": 1,
          "credit": 4
        },
        "grade": "BA"
      },
      {
        "course": {
          "shortName": "PHYS1003",
          "fullName": "Physics Lab I",
          "description": "",
          "prerequisite": [],
          "semester": 1,
          "credit": 2
        },
        "grade": "BB"
      },
      {
        "course": {
          "shortName": "TRD121",
          "fullName": "Türk Dili I",
          "description": "",
          "prerequisite": [],
          "semester": 1,
          "credit": 2
        },
        "grade": "CB"
      }
    ],
    "notes": ""
  },
  "personName": "Zeynep",
  "personSurname": "Celik",
  "username": "zeynep",
  "password": "zeynepcelik"
}
