{
  "address": "Eyupsultan/Istanbul",
  "phoneNumber": "5077889900",
  "semester": 8,
  "entranceYear": 2020,
  "status": "",
  "selectedCourses": [],
  "transcript": {
    "listGrades": [
      {
        "course": {
          "shortName": "ATA121",
          "fullName": "Atatürk İlkeleri ve İnkılap Tarihi I",
          "description": "",
          "prerequisite": [],
          "semester": 1,
          "credit": 2
        },
        "grade": "BA"
      },
      {
        "course": {
          "shortName": "MBG1201",
          "fullName": "Introduction to Modern Biology",
          "description": "",
          "prerequisite": [],
          "semester": 1,
          "credit": 5
        },
        "grade": "BB"
      },
      {
        "course": {
          "shortName": "CSE1200",
          "fullName": "Introduction to Computer Engineering",
          "description": "",
          "prerequisite": [],
          "semester": 1,
          "credit": 4
        },
        "grade": "CB"
      },
      {
        "course": {
          "shortName": "CSE1241",
          "fullName": "Computer Programming I",
          "description": "",
          "prerequisite": [],
          "semester": 1,
          "credit": 6
        },
        "grade": "DC"
      },
      {
        "course": {
          "shortName": "MATH1001",
          "fullName": "Calculus I",
          "description": "",
          "prerequisite": [],
          "semester": 1,
          "credit": 6
        },
        "grade": "DD"
      },
      {
        "course": {
          "shortName": "PHYS1001",
          "fullName": "Physics I",
          "description": "",
          "prerequisite": [],
          "semester": 1,
          "credit": 4
        },
        "grade": "BA"
      },
      {
        "course": {
          "shortName": "PHYS1003",
          "fullName": "Physics Lab I",
          "description": "",
          "prerequisite": [],
          "semester": 1,
          "credit": 2
        },
        "grade": "BB"
      },
      {
        "course": {
          "shortName": "TRD121",
          "fullName": "Türk Dili I",
          "description": "",
          "prerequisite": [],
          "semester": 1,
          "credit": 2
        },
        "grade": "CB"
      },
      {
        "course": {
          "shortName": "ATA122",
          "fullName": "Atatürk İlkeleri ve İnkılap Tarihi II",
          "description": "",
          "prerequisite": [],
          "semester": 2,
          "credit": 2
        },
        "grade": "DC"
      },
      {
        "course": {
          "shortName": "CSE1242",
          "fullName": "Computer Programming II",
          "description": "",
          "prerequisite": [],
          "semester": 2,
          "credit": 6
        },
        "grade": "DD"
      },
      {
        "course": {
          "shortName": "MATH1002",
          "fullName": "Calculus II",
          "description": "",
          "prerequisite": [],
          "semester": 2,
          "credit": 6
        },
        "grade": "BA"
      },
      {
        "course": {
          "shortName": "MATH2256",
          "fullName": "Linear Algebra for Computer Engineering",
          "description": "",
          "prerequisite": [],
          "semester": 2,
          "credit": 5
        },
        "grade": "BB"
      },
      {
        "course": {
          "shortName": "PHYS1002",
          "fullName": "Physics II",
          "description": "",
          "prerequisite": [],
          "semester": 2,
          "credit": 4
        },
        "grade": "CB"
      },
      {
        "course": {
          "shortName": "PHYS1004",
          "fullName": "Physics Lab II",
          "description": "",
          "prerequisite": [],
          "semester": 2,
          "credit": 2
        },
        "grade": "DC"
      },
      {
        "course": {
          "shortName": "TRD122",
          "fullName": "Türk Dili II",
          "description": "",
          "prerequisite": [],
          "semester": 2,
          "credit": 2
        },
        "grade": "DD"
      },
      {
        "course": {
          "shortName": "CSE2023",
          "fullName": "Discrete Computational Structures",
          "description": "",
          "prerequisite": [],
          "semester": 3,
          "credit": 6
        },
        "grade": "BA"
      },
      {
        "course": {
          "shortName": "CSE2225",
          "fullName": "Data Structures",
          "description": "",
          "prerequisite": ["CSE1242"],
          "semester": 3,
          "credit": 7
        },
        "grade": "BB"
      },
      {
        "course": {
          "shortName": "ECON2004",
          "fullName": "Engineering Economy",
          "description": "",
          "prerequisite": [],
          "semester": 3,
          "credit": 4
        },
        "grade": "CB"
      },
      {
        "course": {
          "shortName": "EE2031",
          "fullName": "Electric Circuits",
          "description": "",
          "prerequisite": ["PHYS1102"],
          "semester": 3,
          "credit": 5
        },
        "grade": "DC"
      },
      {
        "course": {
          "shortName": "MATH2055",
          "fullName": "Differential Equations",
          "description": "",
          "prerequisite": [],
          "semester": 3,
          "credit": 4
        },
        "grade": "DD"
      },
      {
        "course": {
          "shortName": "MATH2059",
          "fullName": "Numerical Methods",
          "description": "",
          "prerequisite": ["MATH1001"],
          "semester": 3,
          "credit": 4
        },
        "grade": "BA"
      },
      {
        "course": {
          "shortName": "CSE2138",
          "fullName": "Systems Programming",
          "description": "",
          "prerequisite": [],
          "semester": 4,
          "credit": 7
        },
        "grade": "BB"
      },
      {
        "course": {
          "shortName": "CSE2246",
          "fullName": "Analysis of Algorithms",
          "description": "",
          "prerequisite": ["CSE2225"],
          "semester": 4,
          "credit": 6
        },
        "grade": "CB"
      },
      {
        "course": {
          "shortName": "CSE2260",
          "fullName": "Principles of Programming Languages",
          "description": "",
          "prerequisite": ["CSE1242"],
          "semester": 4,
          "credit": 6
        },
        "grade": "DC"
      },
      {
        "course": {
          "shortName": "EE2032",
          "fullName": "Electronics",
          "description": "",
          "prerequisite": ["EE2031"],
          "semester": 4,
          "credit": 5
        },
        "grade": "DD"
      },
      {
        "course": {
          "shortName": "STAT2253",
          "fullName": "Probability and Statistics for Computer Engineering",
          "description": "",
          "prerequisite": [],
          "semester": 4,
          "credit": 5
        },
        "grade": "BA"
      },
      {
        "course": {
          "shortName": "CSE3033",
          "fullName": "Operating Systems",
          "description": "",
          "prerequisite": ["CSE2225"],
          "semester": 5,
          "credit": 7
        },
        "grade": "BB"
      },
      {
        "course": {
          "shortName": "CSE3055",
          "fullName": "Database Systems",
          "description": "",
          "prerequisite": ["CSE2225"],
          "semester": 5,
          "credit": 7
        },
        "grade": "CB"
      },
      {
        "course": {
          "shortName": "CSE3063",
          "fullName": "Object-Oriented Software Design",
          "description": "",
          "prerequisite": ["CSE1242"],
          "semester": 5,
          "credit": 5
        },
        "grade": "DC"
      },
      {
        "course": {
          "shortName": "CSE3215",
          "fullName": "Digital Logic Design",
          "description": "",
          "prerequisite": [],
          "semester": 5,
          "credit": 6
        },
        "grade": "DD"
      },
      {
        "course": {
          "shortName": "IE3081",
          "fullName": "Modeling and Discrete Simulation",
          "description": "",
          "prerequisite": ["STAT2253"],
          "semester": 5,
          "credit": 4
        },
        "grade": "BA"
      },
      {
        "course": {
          "shortName": "COM2202",
          "fullName": "Technical Communication \u0026 Entrepreneurship",
          "description": "",
          "prerequisite": [],
          "semester": 6,
          "credit": 2
        },
        "grade": "BB"
      },
      {
        "course": {
          "shortName": "CSE3044",
          "fullName": "Software Engineering",
          "description": "",
          "prerequisite": ["CSE3055"],
          "semester": 6,
          "credit": 7
        },
        "grade": "CB"
      },
      {
        "course": {
          "shortName": "CSE3264",
          "fullName": "Formal Languages and Automata Theory",
          "description": "",
          "prerequisite": ["CSE2023"],
          "semester": 6,
          "credit": 5
        },
        "grade": "DC"
      },
      {
        "course": {
          "shortName": "CSE3038",
          "fullName": "Computer Organization",
          "description": "",
          "prerequisite": ["CSE2138", "CSE3215"],
          "semester": 6,
          "credit": 7
        },
        "grade": "DD"
      },
      {
        "course": {
          "shortName": "CSE3048",
          "fullName": "Introduction to Signals and Systems",
          "description": "",
          "prerequisite": ["MATH2055"],
          "semester": 6,
          "credit": 5
        },
        "grade": "BA"
      },
      {
        "course": {
          "shortName": "IE3235",
          "fullName": "Operations Research",
          "description": "",
          "prerequisite": ["MATH2256"],
          "semester": 6,
          "credit": 4
        },
        "grade": "BB"
      },
      {
        "course": {
          "shortName": "CSE4297",
          "fullName": "Engineering Project I",
          "description": "",
          "prerequisite": [],
          "semester": 7,
          "credit": 5
        },
        "grade": "BB"
      },
      {
        "course": {
          "shortName": "CSE4000",
          "fullName": "Summer Practice ",
          "description": "",
          "prerequisite": [],
          "semester": 7,
          "credit": 10
        },
        "grade": "AA"
      },
      {
        "course": {
          "shortName": "CSE4074",
          "fullName": "Computer Networks",
          "description": "",
          "prerequisite": [],
          "semester": 7,
          "credit": 5
        },
        "grade": "CB"
      },
      {
        "course": {
          "shortName": "CSE4219",
          "fullName": "Principles of Embedded System Design",
          "description": "",
          "prerequisite": ["CSE3038"],
          "semester": 7,
          "credit": 6
        },
        "grade": "CD"
      },
      {
        "course": {
          "shortName": "ISG121",
          "fullName": "Work Safety 1",
          "description": "",
          "prerequisite": [],
          "semester": 7,
          "credit": 2
        },
        "grade": "BA"
      },
      {
        "course": {
          "shortName": "CSE4288",
          "fullName": "Introduction to Machine Learning",
          "description": "",
          "prerequisite": ["STAT2253", "MATH2256"],
          "semester": 7,
          "credit": 5
        },
        "grade": "CC"
      },
      {
        "course": {
          "shortName": "CSE4034",
          "fullName": "Advanced Unix Programming",
          "description": "Elective",
          "prerequisite": [],
          "semester": 7,
          "credit": 5
        },
        "grade": "BB"
      },
      {
        "course": {
          "shortName": "CSE4038",
          "fullName": "Introduction to Parallel Processing",
          "description": "Elective",
          "prerequisite": [],
          "semester": 7,
          "credit": 5
        },
        "grade": "CB"
      }
    ],
    "notes": ""
  },
  "personName": "Sevgi",
  "personSurname": "Sahin",
  "username": "sevgi",
  "password": "sevgisahin"
}
