{
  "address": "Buyukcekmece/Istanbul",
  "phoneNumber": "5133445566",
  "semester": 5,
  "entranceYear": 2021,
  "status": "",
  "selectedCourses": [],
  "transcript": {
    "listGrades": [
      {
        "course": {
          "shortName": "ATA121",
          "fullName": "Atatürk İlkeleri ve İnkılap Tarihi I",
          "description": "",
          "prerequisite": [],
          "semester": 1,
          "credit": 2
        },
        "grade": "BA"
      },
      {
        "course": {
          "shortName": "MBG1201",
          "fullName": "Introduction to Modern Biology",
          "description": "",
          "prerequisite": [],
          "semester": 1,
          "credit": 5
        },
        "grade": "BB"
      },
      {
        "course": {
          "shortName": "CSE1200",
          "fullName": "Introduction to Computer Engineering",
          "description": "",
          "prerequisite": [],
          "semester": 1,
          "credit": 4
        },
        "grade": "CB"
      },
      {
        "course": {
          "shortName": "CSE1241",
          "fullName": "Computer Programming I",
          "description": "",
          "prerequisite": [],
          "semester": 1,
          "credit": 6
        },
        "grade": "DC"
      },
      {
        "course": {
          "shortName": "MATH1001",
          "fullName": "Calculus I",
          "description": "",
          "prerequisite": [],
          "semester": 1,
          "credit": 6
        },
        "grade": "DD"
      },
      {
        "course": {
          "shortName": "PHYS1001",
          "fullName": "Physics I",
          "description": "",
          "prerequisite": [],
          "semester": 1,
          "credit": 4
        },
        "grade": "BA"
      },
      {
        "course": {
          "shortName": "PHYS1003",
          "fullName": "Physics Lab I",
          "description": "",
          "prerequisite": [],
          "semester": 1,
          "credit": 2
        },
        "grade": "BB"
      },
      {
        "course": {
          "shortName": "TRD121",
          "fullName": "Türk Dili I",
          "description": "",
          "prerequisite": [],
          "semester": 1,
          "credit": 2
        },
        "grade": "CB"
      },
      {
        "course": {
          "shortName": "ATA122",
          "fullName": "Atatürk İlkeleri ve İnkılap Tarihi II",
          "description": "",
          "prerequisite": [],
          "semester": 2,
          "credit": 2
        },
        "grade": "DC"
      },
      {
        "course": {
          "shortName": "CSE1242",
          "fullName": "Computer Programming II",
          "description": "",
          "prerequisite": [],
          "semester": 2,
          "credit": 6
        },
        "grade": "DD"
      },
      {
        "course": {
          "shortName": "MATH1002",
          "fullName": "Calculus II",
          "description": "",
          "prerequisite": [],
          "semester": 2,
          "credit": 6
        },
        "grade": "BA"
      },
      {
        "course": {
          "shortName": "MATH2256",
          "fullName": "Linear Algebra for Computer Engineering",
          "description": "",
          "prerequisite": [],
          "semester": 2,
          "credit": 5
        },
        "grade": "BB"
      },
      {
        "course": {
          "shortName": "PHYS1002",
          "fullName": "Physics II",
          "description": "",
          "prerequisite": [],
          "semester": 2,
          "credit": 4
        },
        "grade": "CB"
      },
      {
        "course": {
          "shortName": "PHYS1004",
          "fullName": "Physics Lab II",
          "description": "",
          "prerequisite": [],
          "semester": 2,
          "credit": 2
        },
        "grade": "DC"
      },
      {
        "course": {
          "shortName": "TRD122",
          "fullName": "Türk Dili II",
          "description": "",
          "prerequisite": [],
          "semester": 2,
          "credit": 2
        },
        "grade": "DD"
      },
      {
        "course": {
          "shortName": "CSE2023",
          "fullName": "Discrete Computational Structures",
          "description": "",
          "prerequisite": [],
          "semester": 3,
          "credit": 6
        },
        "grade": "BA"
      },
      {
        "course": {
          "shortName": "CSE2225",
          "fullName": "Data Structures",
          "description": "",
          "prerequisite": ["CSE1242"],
          "semester": 3,
          "credit": 7
        },
        "grade": "BB"
      },
      {
        "course": {
          "shortName": "ECON2004",
          "fullName": "Engineering Economy",
          "description": "",
          "prerequisite": [],
          "semester": 3,
          "credit": 4
        },
        "grade": "CB"
      },
      {
        "course": {
          "shortName": "EE2031",
          "fullName": "Electric Circuits",
          "description": "",
          "prerequisite": ["PHYS1102"],
          "semester": 3,
          "credit": 5
        },
        "grade": "DC"
      },
      {
        "course": {
          "shortName": "MATH2055",
          "fullName": "Differential Equations",
          "description": "",
          "prerequisite": [],
          "semester": 3,
          "credit": 4
        },
        "grade": "DD"
      },
      {
        "course": {
          "shortName": "MATH2059",
          "fullName": "Numerical Methods",
          "description": "",
          "prerequisite": ["MATH1001"],
          "semester": 3,
          "credit": 4
        },
        "grade": "BA"
      },
      {
        "course": {
          "shortName": "CSE2138",
          "fullName": "Systems Programming",
          "description": "",
          "prerequisite": [],
          "semester": 4,
          "credit": 7
        },
        "grade": "BB"
      },
      {
        "course": {
          "shortName": "CSE2246",
          "fullName": "Analysis of Algorithms",
          "description": "",
          "prerequisite": ["CSE2225"],
          "semester": 4,
          "credit": 6
        },
        "grade": "CB"
      },
      {
        "course": {
          "shortName": "CSE2260",
          "fullName": "Principles of Programming Languages",
          "description": "",
          "prerequisite": ["CSE1242"],
          "semester": 4,
          "credit": 6
        },
        "grade": "DC"
      },
      {
        "course": {
          "shortName": "EE2032",
          "fullName": "Electronics",
          "description": "",
          "prerequisite": ["EE2031"],
          "semester": 4,
          "credit": 5
        },
        "grade": "DD"
      },
      {
        "course": {
          "shortName": "STAT2253",
          "fullName": "Probability and Statistics for Computer Engineering",
          "description": "",
          "prerequisite": [],
          "semester": 4,
          "credit": 5
        },
        "grade": "BA"
      }
    ],
    "notes": ""
  },
  "personName": "Ismail",
  "personSurname": "Karahan",
  "username": "ismail",
  "password": "ismailkarahan"
}
